{"top3":[0.21638443156156617,0.28994252303976886,0.138884444373331,0.20066555924389867,0.0634209919681347,0.029439202887759464,0.06649979114420025,0.33509534298299193,0.11775681155103766,0.31443070248731525,0.08602325267042664,0.2566450207322688,0.02494438257849241,0.25849994627121764,0.06976149845485445,0.07542472332656514,0.13490737563232053,0.3496982826507573,0.1438363267359426,0.34127212992957157,0.11430952132988138,0.3057595278791635,0.02943920288775886,0.07874007874011778,0.16357125528513683,0.03741657386773924,0.05354126134736333,0.024494897427831983,0.11145502331533642,0.27390184778898813,0.12961481396815747,0.32293790252754284,0.18080068829760854,0.09285592184789376,0.18803073034893983,0.27788886667555124,0.19871811414385193,0.23456816114345594,0.25629843715654754,0.16759740119968658,0.11115554667022028,0.10530379332620873,0.07039570693980951,0.13140268896284704,0.06342099196813487,0.3021037349432588,0.09416297927883709,0.07257180352359065,0.07845734863959934,0.14055445761538676,0.15627610892974692,0.16336734339790474,0.11775681155103847,0.18517259216441523,0.19189117286165625,0.22095751225568727,0.1228368384845888,0.15577761927397196,0.1405544576153868,0.10801234497346424,0.14854853303438062,0.25952948879762355,0.15173075568988031,0.018856180831641704,0.1798765008430937,0.1222929088522947,0.20548046676563259,0.008164965809277086,0.18832595855767342,0.13140268896284704,0.1960158723731884,0.057348835113617734,0.16779617264870936,0.2082199691565521,0.0825967446224257,0.11556623882239815,0.1948218559493661,0.14966629547095747,0.05312459150169704,0.2699382645470381,0.062360956446232615,0.12083045973594612,0.07788880963698669,0.16110727964792754,0.37650438982242407],"top9":[0.36395970472933764,0.42006466286472427,0.17752064738196965,0.3106305812773291,0.17688665548562127,0.17707499980391234,0.21384198619945627,0.2759226944876651,0.23781931101438758,0.32186186746552486,0.4793153553523433,0.2861407751612418,0.2933627931334541,0.22345767682792514,0.26519501326708306,0.22849480638126077,0.3119275002818745,0.33079029946814076,0.2398147433147327,0.30400211175354885,0.3374779370932141,0.3971410173405925,0.21092974665677508,0.15755853311713922,0.226508659524324,0.1922960680247463,0.13685172655735253,0.18413628876325858,0.18080751650495977,0.41090685616626604,0.33289230082808663,0.3712441544620227,0.3824417973954492,0.24285340800115962,0.3021691129806391,0.27425769624682783,0.23616273945348154,0.3212744682520185,0.3402758503346773,0.1807460533524014,0.2877927924011035,0.28550583224675713,0.18505254509042668,0.2366640584102495,0.17074997966487582,0.3006946689760519,0.14659088951530685,0.21489015281714907,0.17613827340480193,0.217278338872539,0.35817783016916527,0.21071307505705472,0.3560205293012617,0.2830695940254416,0.27761328462894047,0.2885895885462327,0.26174627239200793,0.18202563921968043,0.17304106413375786,0.17636942149790658,0.2203924669905321,0.28522029605894217,0.15854274650432865,0.2007455240649184,0.23409399821439225,0.46747020767288294,0.31846855766656496,0.18047947114886187,0.20874108245904244,0.23721116289599295,0.2634997130272292,0.1538397434561914,0.21858128414340017,0.2959896561422544,0.16878651868229522,0.21982035313937845,0.27946156342527456,0.1468181036369682,0.22743877211620786,0.3263414859194259,0.31909594516731515,0.1804931516090783,0.28832851633741235,0.23907744496576436,0.42793503602968574],"top20":[0.4308317537043898,0.4833725271465064,0.2640738533062295,0.3681341467454492,0.2257714552373705,0.29040101583844363,0.28490173744643965,0.2842089900055944,0.314694693314012,0.4025105588677146,0.48074395472018144,0.35127624457113493,0.3611523224347312,0.2492167731112816,0.4343213096314755,0.25396604103698583,0.35996215078810717,0.37406683894726617,0.37232915545253786,0.3473395312946686,0.42002380884897467,0.37674228591969855,0.40532826202967887,0.24864181064334293,0.3539223078586599,0.29548265600539075,0.2110663402819123,0.22903274875004234,0.25242622684657773,0.467145320002245,0.32553648029061194,0.42839555319820943,0.4051777387764536,0.32613609122573345,0.3371568626025577,0.3106911649854239,0.28820608945683307,0.37695192001102734,0.4217226576791909,0.23754788990854026,0.3015538923642007,0.33405800394542234,0.2634629955041123,0.33224840104957626,0.3075918561990873,0.3228664584623185,0.21885840171215734,0.27262795161171566,0.3590720679752187,0.25281366656096743,0.41918373060031805,0.35366509581806344,0.43534440389190704,0.3520071022010776,0.31635423183513756,0.3327983623757786,0.3593730652121831,0.2541751364708986,0.44427778472482754,0.34830159345027417,0.3519840195236142,0.4035542094935946,0.29225160393058586,0.2758006526460734,0.31739722746111065,0.46376583530915677,0.36935213550215185,0.38705910401384447,0.280433147113532,0.34660460181596,0.2817529946602165,0.31776209654393966,0.35961750513566504,0.34762443815129,0.24968930693964433,0.3274977099156573,0.40405321431712427,0.21657042734408588,0.34387897580398835,0.392907113705008,0.39296151211028285,0.2657931526582278,0.34515358900060705,0.3679755426655419,0.4586076754700036]}