{"top3":[0.21638443156156617,0.28994252303976886,0.138884444373331,0.20066555924389867,0.15173075568988065,0.029439202887759464,0.14337208778404398,0.33509534298299193,0.11775681155103766,0.31443070248731525,0.08602325267042664,0.2566450207322688,0.02494438257849241,0.25849994627121764,0.06976149845485445,0.07542472332656514,0.13490737563232053,0.3496982826507573,0.1438363267359426,0.34127212992957157,0.11430952132988138,0.3057595278791635,0.02943920288775886,0.07874007874011778,0.16357125528513683,0.03741657386773924,0.06649979114419985,0.024494897427831983,0.11145502331533642,0.27390184778898813,0.12961481396815747,0.32293790252754284,0.22065558884580483,0.09285592184789376,0.18803073034893983,0.27788886667555124,0.19871811414385193,0.23456816114345594,0.25629843715654754,0.16759740119968658,0.17146428199482222,0.10530379332620873,0.10656244908763847,0.13140268896284704,0.06342099196813487,0.3021037349432588,0.09416297927883709,0.07257180352359065,0.07845734863959934,0.14055445761538676,0.15627610892974692,0.16336734339790474,0.11775681155103847,0.18517259216441523,0.20417857108151438,0.22095751225568727,0.1228368384845888,0.17594190960528788,0.1405544576153868,0.1395229969097089,0.14854853303438062,0.25952948879762355,0.16268579122549895,0.018856180831641704,0.1798765008430937,0.1222929088522947,0.20548046676563259,0.008164965809277086,0.18832595855767342,0.2329997615640174,0.03771236166328257,0.0883176086632788,0.16779617264870936,0.2082199691565521,0.14383632673594224,0.11556623882239815,0.18926759422104533,0.14966629547095747,0.057154760664940324,0.3470190516703977,0.062360956446232615,0.12083045973594612,0.07788880963698669,0.05887840577551933,0.37650438982242407],"top9":[0.39796705614633193,0.4557398001404956,0.18505254509042682,0.3106305812773291,0.17810386760068123,0.17707499980391234,0.20033305601755638,0.2759226944876651,0.2649108864840736,0.32186186746552486,0.48090449759018583,0.2861407751612418,0.2976616689058276,0.22345767682792514,0.30188297953566917,0.26210449334587677,0.34511762174584215,0.3463067932653479,0.30670289641062515,0.30400211175354885,0.34957469750512904,0.3971410173405925,0.21092974665677508,0.15755853311713922,0.23078502636666376,0.1922960680247463,0.13494397557212348,0.20105892508920037,0.18811606608949585,0.41090685616626604,0.33289230082808663,0.3871102181390388,0.39105113176453177,0.24285340800115962,0.31706213123255267,0.27425769624682783,0.2535087112244209,0.3212744682520185,0.36539172282785926,0.1807460533524014,0.2302655471889406,0.28550583224675713,0.19223827807061597,0.2608722311547444,0.17632041540584248,0.3116305187989676,0.14659088951530685,0.2785456054598377,0.25412158070061247,0.217278338872539,0.35817783016916527,0.24922596222487242,0.3892664833526363,0.30546867451689874,0.22168267834123465,0.31136894078239497,0.3005714721601889,0.19318640649466237,0.2623822487220593,0.2807837355917176,0.2203924669905321,0.28522029605894217,0.18660713336371207,0.2007455240649184,0.23409399821439225,0.46747020767288294,0.38352169285307564,0.2398044470803373,0.24234960972391373,0.2672539828665325,0.19339717975141868,0.24198255217175393,0.21858128414340017,0.30402647707959934,0.21964618012714068,0.21982035313937845,0.26288992204173817,0.15592020751368652,0.3079361806576561,0.36766866457937414,0.31909594516731515,0.1804931516090783,0.3086209869406924,0.20159242588162776,0.42793503602968574],"top20":[0.455912272262987,0.4963557192175791,0.30302805150678713,0.3681341467454492,0.2358580081320115,0.3124623977377118,0.28981200803279367,0.3082024496982463,0.32791004864139195,0.4187514179080471,0.47371299327757527,0.3654979480106554,0.43213539544915786,0.2492167731112816,0.4603615427031237,0.2956924077483221,0.39052016593256755,0.3829396166499361,0.4200151782971659,0.3473395312946686,0.4451772119055512,0.37674228591969855,0.44170578443122066,0.2501574504187313,0.3928422075083074,0.32368619062295517,0.22810304688890057,0.2428224660116934,0.2788530078733236,0.47956334305282333,0.34759854717763133,0.43892909450160605,0.39701983577650135,0.35609654589731704,0.3423488717667988,0.33279535753973477,0.3044256887977756,0.39336878371319695,0.4302487652509883,0.24014370697563567,0.27715113205614006,0.3367654970450504,0.2710461215365384,0.36355192201389896,0.35062052136177085,0.35514046516836134,0.2562986539176514,0.2935302369433172,0.4227836326065616,0.25281366656096743,0.43281029331567433,0.36510101341957407,0.43803538669838066,0.3612270753971799,0.2819113335784853,0.3507648785155093,0.4073263433661024,0.2728167883397207,0.4820713121520509,0.36656650147006076,0.3519840195236142,0.4172229619759679,0.33234432445883577,0.2758006526460734,0.33104229337049973,0.466159575681976,0.5236114971999754,0.40722076322309514,0.35299398011864147,0.3730720439807842,0.21978341611686736,0.3854591418036419,0.41378255158960014,0.37386361149488734,0.3104899354246446,0.35515630361856176,0.36723834222477375,0.2351254984045754,0.3700577657609687,0.41594951616752746,0.39984371947049513,0.2657931526582278,0.36006214741347087,0.3552784119532174,0.4586076754700036]}